{"cameraMode":{"drawMode":0,"name":"Shaded","section":"Shading Mode"},"sceneLighting":false,"audioPlay":false,"sceneViewState":{"showFog":true,"showMaterialUpdate":true,"showSkybox":false,"showFlares":true,"showImageEffects":true,"showParticleSystems":true},"in2DMode":false,"pivot":{"x":-0.006165504455566406,"y":0.1061449944972992,"z":-0.0000012218952178955079},"rotation":{"x":0.3281833529472351,"y":-0.024933744221925737,"z":0.008667035959661007,"w":0.9442517161369324},"size":0.4162404537200928,"orthographic":false}