{"cameraMode":{"drawMode":0,"name":"Shaded","section":"Shading Mode"},"sceneLighting":true,"audioPlay":false,"sceneViewState":{"showFog":true,"showMaterialUpdate":false,"showSkybox":true,"showFlares":true,"showImageEffects":true,"showParticleSystems":true},"in2DMode":false,"pivot":{"x":-6.961063385009766,"y":1.7286430597305298,"z":-4.897027015686035},"rotation":{"x":-0.16187414526939393,"y":0.5903339385986328,"z":-0.12231747061014176,"w":-0.7812433242797852},"size":10.0,"orthographic":false}